# specific people's names and/or usernames
mchudy # github.com/mchudy
milindgoel15 # github.com/milindgoel15
mattrltrent # github.com/mattrltrent
eliasto # github.com/eliasto
leighajarett # github.com/leighajarett
ColinSchmale # github.com/ColinSchmale
linziyou # github.com/linziyou0601
roly # github.com/roly151
aaronkelton # github.com/aaronkelton
hadysata # github.com/hadysata
Verbeeck # github.com/NicolaVerbeeck
ronnieeeeee # github.com/ronnieeeeee
josepedromonteiro # github.com/josepedromonteiro
stepushchik # github.com/stepushchik-denis-gismart
gismart # github.com/stepushchik-denis-gismart
aljkor # github.com/aljkor
mgonzalezc # github.com/mgonzalezc